epidemiological_week,date,order_for_place,state,city,city_ibge_code,place_type,last_available_confirmed,last_available_confirmed_per_100k_inhabitants,new_confirmed,last_available_deaths,new_deaths,last_available_death_rate,estimated_population,is_last,is_repeated
202142,2021-10-18,590,AL,,27,state,239370,7142.08351,58,6262,3,0.0262,3351543,True,False
202142,2021-10-17,589,AL,,27,state,239312,7140.35297,97,6259,3,0.0262,3351543,False,False
202141,2021-10-16,588,AL,,27,state,239215,7137.45878,49,6256,3,0.0262,3351543,False,False
202141,2021-10-15,587,AL,,27,state,239166,7135.99676,92,6253,0,0.0261,3351543,False,False
202141,2021-10-14,586,AL,,27,state,239074,7133.25176,28,6253,3,0.0262,3351543,False,False
202141,2021-10-13,585,AL,,27,state,239046,7132.41632,83,6250,3,0.0261,3351543,False,False
202141,2021-10-12,584,AL,,27,state,238963,7129.93985,45,6247,3,0.0261,3351543,False,False
202141,2021-10-11,583,AL,,27,state,238918,7128.59719,39,6244,3,0.0261,3351543,False,False
202141,2021-10-10,582,AL,,27,state,238879,7127.43354,52,6241,3,0.0261,3351543,False,False
202140,2021-10-09,581,AL,,27,state,238827,7125.88202,99,6238,3,0.0261,3351543,False,False
202140,2021-10-08,580,AL,,27,state,238728,7122.92816,48,6235,3,0.0261,3351543,False,False
202140,2021-10-07,579,AL,,27,state,238680,7121.49598,50,6232,0,0.0261,3351543,False,False
202140,2021-10-06,578,AL,,27,state,238630,7120.00413,58,6232,3,0.0261,3351543,False,False
202140,2021-10-05,577,AL,,27,state,238572,7118.27358,114,6229,3,0.0261,3351543,False,False
202140,2021-10-04,576,AL,,27,state,238458,7114.87216,88,6226,3,0.0261,3351543,False,False
202140,2021-10-03,575,AL,,27,state,238370,7112.24651,100,6223,3,0.0261,3351543,False,False
202139,2021-10-02,574,AL,,27,state,238270,7109.26281,21,6220,3,0.0261,3351543,False,False
202139,2021-10-01,573,AL,,27,state,238249,7108.63623,39,6217,4,0.0261,3351543,False,False
202139,2021-09-30,572,AL,,27,state,238210,7107.47259,93,6213,4,0.0261,3351543,False,False
202139,2021-09-29,571,AL,,27,state,238117,7104.69775,77,6209,4,0.0261,3351543,False,False
202139,2021-09-28,570,AL,,27,state,238040,7102.4003,41,6205,4,0.0261,3351543,False,False
202139,2021-09-27,569,AL,,27,state,237999,7101.17698,25,6201,4,0.0261,3351543,False,False
202139,2021-09-26,568,AL,,27,state,237974,7100.43106,30,6197,4,0.026,3351543,False,False
202138,2021-09-25,567,AL,,27,state,237944,7099.53595,56,6193,4,0.026,3351543,False,False
202138,2021-09-24,566,AL,,27,state,237888,7097.86507,46,6189,4,0.026,3351543,False,False
202138,2021-09-23,565,AL,,27,state,237842,7096.49257,58,6185,4,0.026,3351543,False,False
202138,2021-09-22,564,AL,,27,state,237784,7094.76202,82,6181,4,0.026,3351543,False,False
202138,2021-09-21,563,AL,,27,state,237702,7092.31539,29,6177,4,0.026,3351543,False,False
202138,2021-09-20,562,AL,,27,state,237673,7091.45012,10,6173,4,0.026,3351543,False,False
202138,2021-09-19,561,AL,,27,state,237663,7091.15175,42,6169,4,0.026,3351543,False,False
202137,2021-09-18,560,AL,,27,state,237621,7089.89859,142,6165,4,0.0259,3351543,False,False
202137,2021-09-17,559,AL,,27,state,237479,7085.66174,26,6161,5,0.0259,3351543,False,False
202137,2021-09-16,558,AL,,27,state,237453,7084.88598,103,6156,5,0.0259,3351543,False,False
202137,2021-09-15,557,AL,,27,state,237350,7081.81277,63,6151,5,0.0259,3351543,False,False
202137,2021-09-14,556,AL,,27,state,237287,7079.93303,78,6146,5,0.0259,3351543,False,False
202137,2021-09-13,555,AL,,27,state,237209,7077.60575,27,6141,5,0.0259,3351543,False,False
202137,2021-09-12,554,AL,,27,state,237182,7076.80015,63,6136,5,0.0259,3351543,False,False
202136,2021-09-11,553,AL,,27,state,237119,7074.92042,116,6131,5,0.0259,3351543,False,False
202136,2021-09-10,552,AL,,27,state,237003,7071.45932,40,6126,5,0.0258,3351543,False,False
202136,2021-09-09,551,AL,,27,state,236963,7070.26584,82,6121,5,0.0258,3351543,False,False
202136,2021-09-08,550,AL,,27,state,236881,7067.81921,41,6116,5,0.0258,3351543,False,False
202136,2021-09-07,549,AL,,27,state,236840,7066.59589,63,6111,5,0.0258,3351543,False,False
202136,2021-09-06,548,AL,,27,state,236777,7064.71616,173,6106,5,0.0258,3351543,False,False
202136,2021-09-05,547,AL,,27,state,236604,7059.55436,181,6101,5,0.0258,3351543,False,False
202135,2021-09-04,546,AL,,27,state,236423,7054.15386,315,6096,6,0.0258,3351543,False,False
202135,2021-09-03,545,AL,,27,state,236108,7044.75521,111,6090,6,0.0258,3351543,False,False
202135,2021-09-02,544,AL,,27,state,235997,7041.4433,97,6084,6,0.0258,3351543,False,False
202135,2021-09-01,543,AL,,27,state,235900,7038.54911,126,6078,6,0.0258,3351543,False,False
202135,2021-08-31,542,AL,,27,state,235774,7034.78965,72,6072,6,0.0258,3351543,False,False
202135,2021-08-30,541,AL,,27,state,235702,7032.64138,44,6066,6,0.0257,3351543,False,False
202135,2021-08-29,540,AL,,27,state,235658,7031.32856,167,6060,6,0.0257,3351543,False,False
202134,2021-08-28,539,AL,,27,state,235491,7026.34578,229,6054,6,0.0257,3351543,False,False
202134,2021-08-27,538,AL,,27,state,235262,7019.5131,232,6048,6,0.0257,3351543,False,False
202134,2021-08-26,537,AL,,27,state,235030,7012.59092,301,6042,6,0.0257,3351543,False,False
202134,2021-08-25,536,AL,,27,state,234729,7003.60998,374,6036,6,0.0257,3351543,False,False
202134,2021-08-24,535,AL,,27,state,234355,6992.45094,154,6030,8,0.0257,3351543,False,False
202134,2021-08-23,534,AL,,27,state,234201,6987.85604,117,6022,8,0.0257,3351543,False,False
202134,2021-08-22,533,AL,,27,state,234084,6984.36511,198,6014,8,0.0257,3351543,False,False
202133,2021-08-21,532,AL,,27,state,233886,6978.45739,143,6006,8,0.0257,3351543,False,False
202133,2021-08-20,531,AL,,27,state,233743,6974.19069,142,5998,8,0.0257,3351543,False,False
202133,2021-08-19,530,AL,,27,state,233601,6969.95384,143,5990,8,0.0256,3351543,False,False
202133,2021-08-18,529,AL,,27,state,233458,6965.68715,173,5982,8,0.0256,3351543,False,False
202133,2021-08-17,528,AL,,27,state,233285,6960.52535,117,5974,8,0.0256,3351543,False,False
202133,2021-08-16,527,AL,,27,state,233168,6957.03442,214,5966,8,0.0256,3351543,False,False
202133,2021-08-15,526,AL,,27,state,232954,6950.6493,319,5958,8,0.0256,3351543,False,False
202132,2021-08-14,525,AL,,27,state,232635,6941.13129,266,5950,9,0.0256,3351543,False,False
202132,2021-08-13,524,AL,,27,state,232369,6933.19465,81,5941,9,0.0256,3351543,False,False
202132,2021-08-12,523,AL,,27,state,232288,6930.77785,160,5932,9,0.0255,3351543,False,False
202132,2021-08-11,522,AL,,27,state,232128,6926.00393,208,5923,9,0.0255,3351543,False,False
202132,2021-08-10,521,AL,,27,state,231920,6919.79784,137,5914,9,0.0255,3351543,False,False
202132,2021-08-09,520,AL,,27,state,231783,6915.71017,21,5905,10,0.0255,3351543,False,False
202132,2021-08-08,519,AL,,27,state,231762,6915.08359,103,5895,9,0.0254,3351543,False,False
202131,2021-08-07,518,AL,,27,state,231659,6912.01038,250,5886,7,0.0254,3351543,False,False
202131,2021-08-06,517,AL,,27,state,231409,6904.55113,184,5879,11,0.0254,3351543,False,False
202131,2021-08-05,516,AL,,27,state,231225,6899.06112,468,5868,11,0.0254,3351543,False,False
202131,2021-08-04,515,AL,,27,state,230757,6885.0974,411,5857,12,0.0254,3351543,False,False
202131,2021-08-03,514,AL,,27,state,230346,6872.83439,215,5845,12,0.0254,3351543,False,False
202131,2021-08-02,513,AL,,27,state,230131,6866.41944,62,5833,12,0.0253,3351543,False,False
202131,2021-08-01,512,AL,,27,state,230069,6864.56954,109,5821,12,0.0253,3351543,False,False
202130,2021-07-31,511,AL,,27,state,229960,6861.31731,313,5809,12,0.0253,3351543,False,False
202130,2021-07-30,510,AL,,27,state,229647,6851.97833,337,5797,12,0.0252,3351543,False,False
202130,2021-07-29,509,AL,,27,state,229310,6841.92326,180,5785,13,0.0252,3351543,False,False
202130,2021-07-28,508,AL,,27,state,229130,6836.5526,360,5772,13,0.0252,3351543,False,False
202130,2021-07-27,507,AL,,27,state,228770,6825.81128,328,5759,13,0.0252,3351543,False,False
202130,2021-07-26,506,AL,,27,state,228442,6816.02474,63,5746,13,0.0252,3351543,False,False
202130,2021-07-25,505,AL,,27,state,228379,6814.14501,479,5733,9,0.0251,3351543,False,False
202129,2021-07-24,504,AL,,27,state,227900,6799.85308,531,5724,13,0.0251,3351543,False,False
202129,2021-07-23,503,AL,,27,state,227369,6784.00963,248,5711,13,0.0251,3351543,False,False
202129,2021-07-22,502,AL,,27,state,227121,6776.61006,234,5698,13,0.0251,3351543,False,False
202129,2021-07-21,501,AL,,27,state,226887,6769.6282,476,5685,14,0.0251,3351543,False,False
202129,2021-07-20,500,AL,,27,state,226411,6755.42578,246,5671,15,0.025,3351543,False,False
202129,2021-07-19,499,AL,,27,state,226165,6748.08588,166,5656,15,0.025,3351543,False,False
202129,2021-07-18,498,AL,,27,state,225999,6743.13294,399,5641,15,0.025,3351543,False,False
202128,2021-07-17,497,AL,,27,state,225600,6731.22797,536,5626,16,0.0249,3351543,False,False
202128,2021-07-16,496,AL,,27,state,225064,6715.23534,306,5610,16,0.0249,3351543,False,False
202128,2021-07-15,495,AL,,27,state,224758,6706.10522,170,5594,16,0.0249,3351543,False,False
202128,2021-07-14,494,AL,,27,state,224588,6701.03293,659,5578,16,0.0248,3351543,False,False
202128,2021-07-13,493,AL,,27,state,223929,6681.37034,263,5562,16,0.0248,3351543,False,False
202128,2021-07-12,492,AL,,27,state,223666,6673.52321,202,5546,16,0.0248,3351543,False,False
202128,2021-07-11,491,AL,,27,state,223464,6667.49614,337,5530,16,0.0247,3351543,False,False
202127,2021-07-10,490,AL,,27,state,223127,6657.44107,526,5514,15,0.0247,3351543,False,False
202127,2021-07-09,489,AL,,27,state,222601,6641.7468,628,5499,16,0.0247,3351543,False,False
202127,2021-07-08,488,AL,,27,state,221973,6623.00916,538,5483,16,0.0247,3351543,False,False
202127,2021-07-07,487,AL,,27,state,221435,6606.95686,642,5467,17,0.0247,3351543,False,False
202127,2021-07-06,486,AL,,27,state,220793,6587.8015,771,5450,17,0.0247,3351543,False,False
202127,2021-07-05,485,AL,,27,state,220022,6564.79717,281,5433,17,0.0247,3351543,False,False
202127,2021-07-04,484,AL,,27,state,219741,6556.41297,1121,5416,17,0.0246,3351543,False,False
202126,2021-07-03,483,AL,,27,state,218620,6522.96569,645,5399,20,0.0247,3351543,False,False
202126,2021-07-02,482,AL,,27,state,217975,6503.72082,745,5379,19,0.0247,3351543,False,False
202126,2021-07-01,481,AL,,27,state,217230,6481.49226,513,5360,20,0.0247,3351543,False,False
202126,2021-06-30,480,AL,,27,state,216717,6466.18587,516,5340,20,0.0246,3351543,False,False
202126,2021-06-29,479,AL,,27,state,216201,6450.78998,709,5320,19,0.0246,3351543,False,False
202126,2021-06-28,478,AL,,27,state,215492,6429.63554,983,5301,20,0.0246,3351543,False,False
202126,2021-06-27,477,AL,,27,state,214509,6400.30577,779,5281,21,0.0246,3351543,False,False
202125,2021-06-26,476,AL,,27,state,213730,6377.06274,859,5260,21,0.0246,3351543,False,False
202125,2021-06-25,475,AL,,27,state,212871,6351.43276,400,5239,21,0.0246,3351543,False,False
202125,2021-06-24,474,AL,,27,state,212471,6339.49796,858,5218,21,0.0246,3351543,False,False
202125,2021-06-23,473,AL,,27,state,211613,6313.89781,457,5197,21,0.0246,3351543,False,False
202125,2021-06-22,472,AL,,27,state,211156,6300.2623,855,5176,21,0.0245,3351543,False,False
202125,2021-06-21,471,AL,,27,state,210301,6274.75166,730,5155,21,0.0245,3351543,False,False
202125,2021-06-20,470,AL,,27,state,209571,6252.97065,1208,5134,20,0.0245,3351543,False,False
202124,2021-06-19,469,AL,,27,state,208363,6216.92755,941,5114,20,0.0245,3351543,False,False
202124,2021-06-18,468,AL,,27,state,207422,6188.85093,852,5094,20,0.0246,3351543,False,False
202124,2021-06-17,467,AL,,27,state,206570,6163.4298,649,5074,18,0.0246,3351543,False,False
202124,2021-06-16,466,AL,,27,state,205921,6144.06558,1083,5056,18,0.0246,3351543,False,False
202124,2021-06-15,465,AL,,27,state,204838,6111.75211,712,5038,18,0.0246,3351543,False,False
202124,2021-06-14,464,AL,,27,state,204126,6090.50816,900,5020,18,0.0246,3351543,False,False
202124,2021-06-13,463,AL,,27,state,203226,6063.65486,734,5002,18,0.0246,3351543,False,False
202123,2021-06-12,462,AL,,27,state,202492,6041.7545,969,4984,20,0.0246,3351543,False,False
202123,2021-06-11,461,AL,,27,state,201523,6012.84244,653,4964,21,0.0246,3351543,False,False
202123,2021-06-10,460,AL,,27,state,200870,5993.35888,870,4943,21,0.0246,3351543,False,False
202123,2021-06-09,459,AL,,27,state,200000,5967.40069,785,4922,21,0.0246,3351543,False,False
202123,2021-06-08,458,AL,,27,state,199215,5943.97864,775,4901,21,0.0246,3351543,False,False
202123,2021-06-07,457,AL,,27,state,198440,5920.85496,680,4880,21,0.0246,3351543,False,False
202123,2021-06-06,456,AL,,27,state,197760,5900.5658,1177,4859,20,0.0246,3351543,False,False
202122,2021-06-05,455,AL,,27,state,196583,5865.44765,621,4839,19,0.0246,3351543,False,False
202122,2021-06-04,454,AL,,27,state,195962,5846.91887,1036,4820,18,0.0246,3351543,False,False
202122,2021-06-03,453,AL,,27,state,194926,5816.00773,600,4802,17,0.0246,3351543,False,False
202122,2021-06-02,452,AL,,27,state,194326,5798.10553,745,4785,17,0.0246,3351543,False,False
202122,2021-06-01,451,AL,,27,state,193581,5775.87696,535,4768,17,0.0246,3351543,False,False
202122,2021-05-31,450,AL,,27,state,193046,5759.91416,522,4751,17,0.0246,3351543,False,False
202122,2021-05-30,449,AL,,27,state,192524,5744.33925,300,4734,19,0.0246,3351543,False,False
202121,2021-05-29,448,AL,,27,state,192224,5735.38815,870,4715,18,0.0245,3351543,False,False
202121,2021-05-28,447,AL,,27,state,191354,5709.42996,369,4697,18,0.0245,3351543,False,False
202121,2021-05-27,446,AL,,27,state,190985,5698.4201,606,4679,18,0.0245,3351543,False,False
202121,2021-05-26,445,AL,,27,state,190379,5680.33888,793,4661,18,0.0245,3351543,False,False
202121,2021-05-25,444,AL,,27,state,189586,5656.67813,488,4643,18,0.0245,3351543,False,False
202121,2021-05-24,443,AL,,27,state,189098,5642.11768,140,4625,18,0.0245,3351543,False,False
202121,2021-05-23,442,AL,,27,state,188958,5637.94049,896,4607,18,0.0244,3351543,False,False
202120,2021-05-22,441,AL,,27,state,188062,5611.20654,586,4589,18,0.0244,3351543,False,False
202120,2021-05-21,440,AL,,27,state,187476,5593.72206,391,4571,17,0.0244,3351543,False,False
202120,2021-05-20,439,AL,,27,state,187085,5582.05579,963,4554,16,0.0243,3351543,False,False
202120,2021-05-19,438,AL,,27,state,186122,5553.32275,507,4538,15,0.0244,3351543,False,False
202120,2021-05-18,437,AL,,27,state,185615,5538.19539,545,4523,15,0.0244,3351543,False,False
202120,2021-05-17,436,AL,,27,state,185070,5521.93423,676,4508,15,0.0244,3351543,False,False
202120,2021-05-16,435,AL,,27,state,184394,5501.76441,691,4493,15,0.0244,3351543,False,False
202119,2021-05-15,434,AL,,27,state,183703,5481.14704,734,4478,16,0.0244,3351543,False,False
202119,2021-05-14,433,AL,,27,state,182969,5459.24668,536,4462,16,0.0244,3351543,False,False
202119,2021-05-13,432,AL,,27,state,182433,5443.25405,774,4446,17,0.0244,3351543,False,False
202119,2021-05-12,431,AL,,27,state,181659,5420.16021,684,4429,16,0.0244,3351543,False,False
202119,2021-05-11,430,AL,,27,state,180975,5399.7517,566,4413,16,0.0244,3351543,False,False
202119,2021-05-10,429,AL,,27,state,180409,5382.86395,306,4397,16,0.0244,3351543,False,False
202119,2021-05-09,428,AL,,27,state,180103,5373.73383,1190,4381,17,0.0243,3351543,False,False
202118,2021-05-08,427,AL,,27,state,178913,5338.2278,625,4364,17,0.0244,3351543,False,False
202118,2021-05-07,426,AL,,27,state,178288,5319.57967,854,4347,18,0.0244,3351543,False,False
202118,2021-05-06,425,AL,,27,state,177434,5294.09887,599,4329,18,0.0244,3351543,False,False
202118,2021-05-05,424,AL,,27,state,176835,5276.2265,889,4311,18,0.0244,3351543,False,False
202118,2021-05-04,423,AL,,27,state,175946,5249.70141,531,4293,18,0.0244,3351543,False,False
202118,2021-05-03,422,AL,,27,state,175415,5233.85796,246,4275,17,0.0244,3351543,False,False
202118,2021-05-02,421,AL,,27,state,175169,5226.51805,693,4258,18,0.0243,3351543,False,False
202117,2021-05-01,420,AL,,27,state,174476,5205.84101,814,4240,20,0.0243,3351543,False,False
202117,2021-04-30,419,AL,,27,state,173662,5181.55369,541,4220,20,0.0243,3351543,False,False
202117,2021-04-29,418,AL,,27,state,173121,5165.41187,799,4200,20,0.0243,3351543,False,False
202117,2021-04-28,417,AL,,27,state,172322,5141.57211,674,4180,21,0.0243,3351543,False,False
202117,2021-04-27,416,AL,,27,state,171648,5121.46197,746,4159,21,0.0242,3351543,False,False
202117,2021-04-26,415,AL,,27,state,170902,5099.20356,291,4138,21,0.0242,3351543,False,False
202117,2021-04-25,414,AL,,27,state,170611,5090.52099,473,4117,21,0.0241,3351543,False,False
202116,2021-04-24,413,AL,,27,state,170138,5076.40809,873,4096,22,0.0241,3351543,False,False
202116,2021-04-23,412,AL,,27,state,169265,5050.36039,518,4074,20,0.0241,3351543,False,False
202116,2021-04-22,411,AL,,27,state,168747,5034.90482,475,4054,20,0.024,3351543,False,False
202116,2021-04-21,410,AL,,27,state,168272,5020.73224,871,4034,20,0.024,3351543,False,False
202116,2021-04-20,409,AL,,27,state,167401,4994.74421,362,4014,23,0.024,3351543,False,False
202116,2021-04-19,408,AL,,27,state,167039,4983.94322,331,3991,23,0.0239,3351543,False,False
202116,2021-04-18,407,AL,,27,state,166708,4974.06717,1247,3968,24,0.0238,3351543,False,False
202115,2021-04-17,406,AL,,27,state,165461,4936.86043,1057,3944,23,0.0238,3351543,False,False
202115,2021-04-16,405,AL,,27,state,164404,4905.32271,597,3921,23,0.0238,3351543,False,False
202115,2021-04-15,404,AL,,27,state,163807,4887.51002,789,3898,24,0.0238,3351543,False,False
202115,2021-04-14,403,AL,,27,state,163018,4863.96863,802,3874,24,0.0238,3351543,False,False
202115,2021-04-13,402,AL,,27,state,162216,4840.03935,714,3850,24,0.0237,3351543,False,False
202115,2021-04-12,401,AL,,27,state,161502,4818.73573,149,3826,24,0.0237,3351543,False,False
202115,2021-04-11,400,AL,,27,state,161353,4814.29002,1228,3802,22,0.0236,3351543,False,False
202114,2021-04-10,399,AL,,27,state,160125,4777.65017,614,3780,24,0.0236,3351543,False,False
202114,2021-04-09,398,AL,,27,state,159511,4759.33025,689,3756,24,0.0235,3351543,False,False
202114,2021-04-08,397,AL,,27,state,158822,4738.77256,753,3732,22,0.0235,3351543,False,False
202114,2021-04-07,396,AL,,27,state,158069,4716.3053,739,3710,22,0.0235,3351543,False,False
202114,2021-04-06,395,AL,,27,state,157330,4694.25575,808,3688,23,0.0234,3351543,False,False
202114,2021-04-05,394,AL,,27,state,156522,4670.14745,283,3665,22,0.0234,3351543,False,False
202114,2021-04-04,393,AL,,27,state,156239,4661.70358,429,3643,23,0.0233,3351543,False,False
202113,2021-04-03,392,AL,,27,state,155810,4648.90351,991,3620,22,0.0232,3351543,False,False
202113,2021-04-02,391,AL,,27,state,154819,4619.33503,620,3598,22,0.0232,3351543,False,False
202113,2021-04-01,390,AL,,27,state,154199,4600.83609,709,3576,22,0.0232,3351543,False,False
202113,2021-03-31,389,AL,,27,state,153490,4579.68166,624,3554,21,0.0232,3351543,False,False
202113,2021-03-30,388,AL,,27,state,152866,4561.06337,656,3533,22,0.0231,3351543,False,False
202113,2021-03-29,387,AL,,27,state,152210,4541.49029,386,3511,22,0.0231,3351543,False,False
202113,2021-03-28,386,AL,,27,state,151824,4529.97321,734,3489,22,0.023,3351543,False,False
202112,2021-03-27,385,AL,,27,state,151090,4508.07285,724,3467,23,0.0229,3351543,False,False
202112,2021-03-26,384,AL,,27,state,150366,4486.47086,669,3444,23,0.0229,3351543,False,False
202112,2021-03-25,383,AL,,27,state,149697,4466.5099,701,3421,23,0.0229,3351543,False,False
202112,2021-03-24,382,AL,,27,state,148996,4445.59416,574,3398,20,0.0228,3351543,False,False
202112,2021-03-23,381,AL,,27,state,148422,4428.46772,540,3378,20,0.0228,3351543,False,False
202112,2021-03-22,380,AL,,27,state,147882,4412.35574,423,3358,20,0.0227,3351543,False,False
202112,2021-03-21,379,AL,,27,state,147459,4399.73469,1063,3338,22,0.0226,3351543,False,False
202111,2021-03-20,378,AL,,27,state,146396,4368.01795,1007,3316,22,0.0227,3351543,False,False
202111,2021-03-19,377,AL,,27,state,145389,4337.97209,977,3294,20,0.0227,3351543,False,False
202111,2021-03-18,376,AL,,27,state,144412,4308.82134,1074,3274,20,0.0227,3351543,False,False
202111,2021-03-17,375,AL,,27,state,143338,4276.7764,794,3254,20,0.0227,3351543,False,False
202111,2021-03-16,374,AL,,27,state,142544,4253.08582,1154,3234,18,0.0227,3351543,False,False
202111,2021-03-15,373,AL,,27,state,141390,4218.65392,1048,3216,18,0.0227,3351543,False,False
202111,2021-03-14,372,AL,,27,state,140342,4187.38474,697,3198,16,0.0228,3351543,False,False
202110,2021-03-13,371,AL,,27,state,139645,4166.58834,716,3182,16,0.0228,3351543,False,False
202110,2021-03-12,370,AL,,27,state,138929,4145.22505,864,3166,16,0.0228,3351543,False,False
202110,2021-03-11,369,AL,,27,state,138065,4119.44588,726,3150,16,0.0228,3351543,False,False
202110,2021-03-10,368,AL,,27,state,137339,4097.78421,580,3134,16,0.0228,3351543,False,False
202110,2021-03-09,367,AL,,27,state,136759,4080.47875,652,3118,16,0.0228,3351543,False,False
202110,2021-03-08,366,AL,,27,state,136107,4061.02503,541,3102,15,0.0228,3351543,False,False
202110,2021-03-07,365,AL,,27,state,135566,4044.88321,617,3087,14,0.0228,3351543,False,False
202109,2021-03-06,364,AL,,27,state,134949,4026.47378,530,3073,13,0.0228,3351543,False,False
202109,2021-03-05,363,AL,,27,state,134419,4010.66016,623,3060,13,0.0228,3351543,False,False
202109,2021-03-04,362,AL,,27,state,133796,3992.07171,576,3047,13,0.0228,3351543,False,False
202109,2021-03-03,361,AL,,27,state,133220,3974.8856,519,3034,12,0.0228,3351543,False,False
202109,2021-03-02,360,AL,,27,state,132701,3959.40019,456,3022,12,0.0228,3351543,False,False
202109,2021-03-01,359,AL,,27,state,132245,3945.79452,499,3010,11,0.0228,3351543,False,False
202109,2021-02-28,358,AL,,27,state,131746,3930.90585,680,2999,10,0.0228,3351543,False,False
202108,2021-02-27,357,AL,,27,state,131066,3910.61669,483,2989,10,0.0228,3351543,False,False
202108,2021-02-26,356,AL,,27,state,130583,3896.20542,666,2979,10,0.0228,3351543,False,False
202108,2021-02-25,355,AL,,27,state,129917,3876.33398,472,2969,10,0.0229,3351543,False,False
202108,2021-02-24,354,AL,,27,state,129445,3862.25091,399,2959,10,0.0229,3351543,False,False
202108,2021-02-23,353,AL,,27,state,129046,3850.34595,545,2949,9,0.0229,3351543,False,False
202108,2021-02-22,352,AL,,27,state,128501,3834.08478,309,2940,8,0.0229,3351543,False,False
202108,2021-02-21,351,AL,,27,state,128192,3824.86514,349,2932,9,0.0229,3351543,False,False
202107,2021-02-20,350,AL,,27,state,127843,3814.45203,502,2923,10,0.0229,3351543,False,False
202107,2021-02-19,349,AL,,27,state,127341,3799.47385,389,2913,10,0.0229,3351543,False,False
202107,2021-02-18,348,AL,,27,state,126952,3787.86726,626,2903,10,0.0229,3351543,False,False
202107,2021-02-17,347,AL,,27,state,126326,3769.1893,650,2893,10,0.0229,3351543,False,False
202107,2021-02-16,346,AL,,27,state,125676,3749.79524,632,2883,10,0.0229,3351543,False,False
202107,2021-02-15,345,AL,,27,state,125044,3730.93826,749,2873,8,0.023,3351543,False,False
202107,2021-02-14,344,AL,,27,state,124295,3708.59034,670,2865,9,0.0231,3351543,False,False
202106,2021-02-13,343,AL,,27,state,123625,3688.59955,626,2856,8,0.0231,3351543,False,False
202106,2021-02-12,342,AL,,27,state,122999,3669.92159,508,2848,9,0.0232,3351543,False,False
202106,2021-02-11,341,AL,,27,state,122491,3654.76439,466,2839,8,0.0232,3351543,False,False
202106,2021-02-10,340,AL,,27,state,122025,3640.86034,422,2831,9,0.0232,3351543,False,False
202106,2021-02-09,339,AL,,27,state,121603,3628.26913,458,2822,8,0.0232,3351543,False,False
202106,2021-02-08,338,AL,,27,state,121145,3614.60378,451,2814,9,0.0232,3351543,False,False
202106,2021-02-07,337,AL,,27,state,120694,3601.14729,239,2805,8,0.0232,3351543,False,False
202105,2021-02-06,336,AL,,27,state,120455,3594.01625,427,2797,9,0.0232,3351543,False,False
202105,2021-02-05,335,AL,,27,state,120028,3581.27585,570,2788,8,0.0232,3351543,False,False
202105,2021-02-04,334,AL,,27,state,119458,3564.26876,370,2780,9,0.0233,3351543,False,False
202105,2021-02-03,333,AL,,27,state,119088,3553.22906,347,2771,8,0.0233,3351543,False,False
202105,2021-02-02,332,AL,,27,state,118741,3542.87562,521,2763,9,0.0233,3351543,False,False
202105,2021-02-01,331,AL,,27,state,118220,3527.33055,452,2754,8,0.0233,3351543,False,False
202105,2021-01-31,330,AL,,27,state,117768,3513.84422,481,2746,9,0.0233,3351543,False,False
202104,2021-01-30,329,AL,,27,state,117287,3499.49262,514,2737,9,0.0233,3351543,False,False
202104,2021-01-29,328,AL,,27,state,116773,3484.1564,394,2728,9,0.0234,3351543,False,False
202104,2021-01-28,327,AL,,27,state,116379,3472.40062,433,2719,9,0.0234,3351543,False,False
202104,2021-01-27,326,AL,,27,state,115946,3459.4812,563,2710,9,0.0234,3351543,False,False
202104,2021-01-26,325,AL,,27,state,115383,3442.68297,547,2701,9,0.0234,3351543,False,False
202104,2021-01-25,324,AL,,27,state,114836,3426.36213,667,2692,9,0.0234,3351543,False,False
202104,2021-01-24,323,AL,,27,state,114169,3406.46085,507,2683,9,0.0235,3351543,False,False
202103,2021-01-23,322,AL,,27,state,113662,3391.33348,457,2674,9,0.0235,3351543,False,False
202103,2021-01-22,321,AL,,27,state,113205,3377.69797,351,2665,9,0.0235,3351543,False,False
202103,2021-01-21,320,AL,,27,state,112854,3367.22519,378,2656,9,0.0235,3351543,False,False
202103,2021-01-20,319,AL,,27,state,112476,3355.9468,379,2647,9,0.0235,3351543,False,False
202103,2021-01-19,318,AL,,27,state,112097,3344.63857,373,2638,9,0.0235,3351543,False,False
202103,2021-01-18,317,AL,,27,state,111724,3333.50937,281,2629,9,0.0235,3351543,False,False
202103,2021-01-17,316,AL,,27,state,111443,3325.12517,475,2620,9,0.0235,3351543,False,False
202102,2021-01-16,315,AL,,27,state,110968,3310.9526,396,2611,9,0.0235,3351543,False,False
202102,2021-01-15,314,AL,,27,state,110572,3299.13714,460,2602,9,0.0235,3351543,False,False
202102,2021-01-14,313,AL,,27,state,110112,3285.41212,392,2593,8,0.0235,3351543,False,False
202102,2021-01-13,312,AL,,27,state,109720,3273.71602,401,2585,8,0.0236,3351543,False,False
202102,2021-01-12,311,AL,,27,state,109319,3261.75138,499,2577,8,0.0236,3351543,False,False
202102,2021-01-11,310,AL,,27,state,108820,3246.86271,278,2569,8,0.0236,3351543,False,False
202102,2021-01-10,309,AL,,27,state,108542,3238.56803,433,2561,8,0.0236,3351543,False,False
202101,2021-01-09,308,AL,,27,state,108109,3225.6486,481,2553,8,0.0236,3351543,False,False
202101,2021-01-08,307,AL,,27,state,107628,3211.29701,349,2545,8,0.0236,3351543,False,False
202101,2021-01-07,306,AL,,27,state,107279,3200.88389,398,2537,8,0.0236,3351543,False,False
202101,2021-01-06,305,AL,,27,state,106881,3189.00876,471,2529,8,0.0237,3351543,False,False
202101,2021-01-05,304,AL,,27,state,106410,3174.95554,378,2521,6,0.0237,3351543,False,False
202101,2021-01-04,303,AL,,27,state,106032,3163.67715,318,2515,6,0.0237,3351543,False,False
202101,2021-01-03,302,AL,,27,state,105714,3154.18898,353,2509,7,0.0237,3351543,False,False
202053,2021-01-02,301,AL,,27,state,105361,3143.65652,270,2502,6,0.0237,3351543,False,False
202053,2021-01-01,300,AL,,27,state,105091,3135.60053,273,2496,7,0.0238,3351543,False,False
202053,2020-12-31,299,AL,,27,state,104818,3127.45503,319,2489,7,0.0237,3351543,False,False
202053,2020-12-30,298,AL,,27,state,104499,3117.93702,380,2482,7,0.0238,3351543,False,False
202053,2020-12-29,297,AL,,27,state,104119,3106.59896,371,2475,7,0.0238,3351543,False,False
202053,2020-12-28,296,AL,,27,state,103748,3095.52943,197,2468,7,0.0238,3351543,False,False
202053,2020-12-27,295,AL,,27,state,103551,3089.65154,426,2461,7,0.0238,3351543,False,False
202052,2020-12-26,294,AL,,27,state,103125,3076.94098,298,2454,7,0.0238,3351543,False,False
202052,2020-12-25,293,AL,,27,state,102827,3068.04955,258,2447,7,0.0238,3351543,False,False
202052,2020-12-24,292,AL,,27,state,102569,3060.35161,391,2440,7,0.0238,3351543,False,False
202052,2020-12-23,291,AL,,27,state,102178,3048.68534,433,2433,8,0.0238,3351543,False,False
202052,2020-12-22,290,AL,,27,state,101745,3035.76591,302,2425,8,0.0238,3351543,False,False
202052,2020-12-21,289,AL,,27,state,101443,3026.75514,158,2417,7,0.0238,3351543,False,False
202052,2020-12-20,288,AL,,27,state,101285,3022.04089,307,2410,6,0.0238,3351543,False,False
202051,2020-12-19,287,AL,,27,state,100978,3012.88093,359,2404,5,0.0238,3351543,False,False
202051,2020-12-18,286,AL,,27,state,100619,3002.16945,312,2399,5,0.0238,3351543,False,False
202051,2020-12-17,285,AL,,27,state,100307,2992.8603,296,2394,5,0.0239,3351543,False,False
202051,2020-12-16,284,AL,,27,state,100011,2984.02855,773,2389,5,0.0239,3351543,False,False
202051,2020-12-15,283,AL,,27,state,99238,2960.96455,310,2384,4,0.024,3351543,False,False
202051,2020-12-14,282,AL,,27,state,98928,2951.71508,316,2380,4,0.0241,3351543,False,False
202051,2020-12-13,281,AL,,27,state,98612,2942.28658,435,2376,4,0.0241,3351543,False,False
202050,2020-12-12,280,AL,,27,state,98177,2929.30749,229,2372,3,0.0242,3351543,False,False
202050,2020-12-11,279,AL,,27,state,97948,2922.47481,386,2369,3,0.0242,3351543,False,False
202050,2020-12-10,278,AL,,27,state,97562,2910.95773,314,2366,3,0.0243,3351543,False,False
202050,2020-12-09,277,AL,,27,state,97248,2901.58891,275,2363,3,0.0243,3351543,False,False
202050,2020-12-08,276,AL,,27,state,96973,2893.38373,189,2360,3,0.0243,3351543,False,False
202050,2020-12-07,275,AL,,27,state,96784,2887.74454,152,2357,3,0.0244,3351543,False,False
202050,2020-12-06,274,AL,,27,state,96632,2883.20932,332,2354,3,0.0244,3351543,False,False
202049,2020-12-05,273,AL,,27,state,96300,2873.30343,402,2351,2,0.0244,3351543,False,False
202049,2020-12-04,272,AL,,27,state,95898,2861.30896,255,2349,3,0.0245,3351543,False,False
202049,2020-12-03,271,AL,,27,state,95643,2853.70052,255,2346,2,0.0245,3351543,False,False
202049,2020-12-02,270,AL,,27,state,95388,2846.09208,236,2344,3,0.0246,3351543,False,False
202049,2020-12-01,269,AL,,27,state,95152,2839.05055,168,2341,2,0.0246,3351543,False,False
202049,2020-11-30,268,AL,,27,state,94984,2834.03793,125,2339,3,0.0246,3351543,False,False
202049,2020-11-29,267,AL,,27,state,94859,2830.30831,246,2336,2,0.0246,3351543,False,False
202048,2020-11-28,266,AL,,27,state,94613,2822.96841,221,2334,3,0.0247,3351543,False,False
202048,2020-11-27,265,AL,,27,state,94392,2816.37443,332,2331,2,0.0247,3351543,False,False
202048,2020-11-26,264,AL,,27,state,94060,2806.46854,145,2329,3,0.0248,3351543,False,False
202048,2020-11-25,263,AL,,27,state,93915,2802.14218,207,2326,2,0.0248,3351543,False,False
202048,2020-11-24,262,AL,,27,state,93708,2795.96592,139,2324,3,0.0248,3351543,False,False
202048,2020-11-23,261,AL,,27,state,93569,2791.81857,129,2321,4,0.0248,3351543,False,False
202048,2020-11-22,260,AL,,27,state,93440,2787.9696,81,2317,3,0.0248,3351543,False,False
202047,2020-11-21,259,AL,,27,state,93359,2785.5528,114,2314,3,0.0248,3351543,False,False
202047,2020-11-20,258,AL,,27,state,93245,2782.15139,122,2311,3,0.0248,3351543,False,False
202047,2020-11-19,257,AL,,27,state,93123,2778.51127,172,2308,4,0.0248,3351543,False,False
202047,2020-11-18,256,AL,,27,state,92951,2773.37931,136,2304,3,0.0248,3351543,False,False
202047,2020-11-17,255,AL,,27,state,92815,2769.32147,173,2301,3,0.0248,3351543,False,False
202047,2020-11-16,254,AL,,27,state,92642,2764.15967,46,2298,3,0.0248,3351543,False,False
202047,2020-11-15,253,AL,,27,state,92596,2762.78717,116,2295,4,0.0248,3351543,False,False
202046,2020-11-14,252,AL,,27,state,92480,2759.32608,152,2291,3,0.0248,3351543,False,False
202046,2020-11-13,251,AL,,27,state,92328,2754.79085,162,2288,3,0.0248,3351543,False,False
202046,2020-11-12,250,AL,,27,state,92166,2749.95726,126,2285,3,0.0248,3351543,False,False
202046,2020-11-11,249,AL,,27,state,92040,2746.1978,101,2282,4,0.0248,3351543,False,False
202046,2020-11-10,248,AL,,27,state,91939,2743.18426,91,2278,4,0.0248,3351543,False,False
202046,2020-11-09,247,AL,,27,state,91848,2740.46909,130,2274,4,0.0248,3351543,False,False
202046,2020-11-08,246,AL,,27,state,91718,2736.59028,115,2270,4,0.0247,3351543,False,False
202045,2020-11-07,245,AL,,27,state,91603,2733.15903,196,2266,4,0.0247,3351543,False,False
202045,2020-11-06,244,AL,,27,state,91407,2727.31097,137,2262,4,0.0247,3351543,False,False
202045,2020-11-05,243,AL,,27,state,91270,2723.2233,128,2258,4,0.0247,3351543,False,False
202045,2020-11-04,242,AL,,27,state,91142,2719.40417,126,2254,4,0.0247,3351543,False,False
202045,2020-11-03,241,AL,,27,state,91016,2715.6447,98,2250,4,0.0247,3351543,False,False
202045,2020-11-02,240,AL,,27,state,90918,2712.72068,98,2246,4,0.0247,3351543,False,False
202045,2020-11-01,239,AL,,27,state,90820,2709.79665,31,2242,4,0.0247,3351543,False,False
202044,2020-10-31,238,AL,,27,state,90789,2708.8717,118,2238,4,0.0247,3351543,False,False
202044,2020-10-30,237,AL,,27,state,90671,2705.35094,107,2234,4,0.0246,3351543,False,False
202044,2020-10-29,236,AL,,27,state,90564,2702.15838,67,2230,4,0.0246,3351543,False,False
202044,2020-10-28,235,AL,,27,state,90497,2700.1593,113,2226,5,0.0246,3351543,False,False
202044,2020-10-27,234,AL,,27,state,90384,2696.78772,130,2221,5,0.0246,3351543,False,False
202044,2020-10-26,233,AL,,27,state,90254,2692.90891,77,2216,5,0.0246,3351543,False,False
202044,2020-10-25,232,AL,,27,state,90177,2690.61146,53,2211,5,0.0245,3351543,False,False
202043,2020-10-24,231,AL,,27,state,90124,2689.0301,130,2206,5,0.0245,3351543,False,False
202043,2020-10-23,230,AL,,27,state,89994,2685.15129,147,2201,5,0.0245,3351543,False,False
202043,2020-10-22,229,AL,,27,state,89847,2680.76525,101,2196,4,0.0244,3351543,False,False
202043,2020-10-21,228,AL,,27,state,89746,2677.75171,102,2192,5,0.0244,3351543,False,False
202043,2020-10-20,227,AL,,27,state,89644,2674.70834,116,2187,5,0.0244,3351543,False,False
202043,2020-10-19,226,AL,,27,state,89528,2671.24724,35,2182,5,0.0244,3351543,False,False
202043,2020-10-18,225,AL,,27,state,89493,2670.20295,128,2177,5,0.0243,3351543,False,False
202042,2020-10-17,224,AL,,27,state,89365,2666.38381,87,2172,5,0.0243,3351543,False,False
202042,2020-10-16,223,AL,,27,state,89278,2663.78799,86,2167,5,0.0243,3351543,False,False
202042,2020-10-15,222,AL,,27,state,89192,2661.22201,110,2162,5,0.0242,3351543,False,False
202042,2020-10-14,221,AL,,27,state,89082,2657.93994,128,2157,6,0.0242,3351543,False,False
202042,2020-10-13,220,AL,,27,state,88954,2654.1208,74,2151,7,0.0242,3351543,False,False
202042,2020-10-12,219,AL,,27,state,88880,2651.91287,54,2144,6,0.0241,3351543,False,False
202042,2020-10-11,218,AL,,27,state,88826,2650.30167,36,2138,6,0.0241,3351543,False,False
202041,2020-10-10,217,AL,,27,state,88790,2649.22753,137,2132,6,0.024,3351543,False,False
202041,2020-10-09,216,AL,,27,state,88653,2645.13987,115,2126,5,0.024,3351543,False,False
202041,2020-10-08,215,AL,,27,state,88538,2641.70861,112,2121,6,0.024,3351543,False,False
202041,2020-10-07,214,AL,,27,state,88426,2638.36687,143,2115,6,0.0239,3351543,False,False
202041,2020-10-06,213,AL,,27,state,88283,2634.10017,148,2109,6,0.0239,3351543,False,False
202041,2020-10-05,212,AL,,27,state,88135,2629.6843,37,2103,6,0.0239,3351543,False,False
202041,2020-10-04,211,AL,,27,state,88098,2628.58033,170,2097,6,0.0238,3351543,False,False
202040,2020-10-03,210,AL,,27,state,87928,2623.50804,178,2091,6,0.0238,3351543,False,False
202040,2020-10-02,209,AL,,27,state,87750,2618.19705,246,2085,7,0.0238,3351543,False,False
202040,2020-10-01,208,AL,,27,state,87504,2610.85715,625,2078,6,0.0237,3351543,False,False
202040,2020-09-30,207,AL,,27,state,86879,2592.20902,330,2072,5,0.0238,3351543,False,False
202040,2020-09-29,206,AL,,27,state,86549,2582.36281,156,2067,5,0.0239,3351543,False,False
202040,2020-09-28,205,AL,,27,state,86393,2577.70824,99,2062,7,0.0239,3351543,False,False
202040,2020-09-27,204,AL,,27,state,86294,2574.75437,170,2055,3,0.0238,3351543,False,False
202039,2020-09-26,203,AL,,27,state,86124,2569.68208,187,2052,6,0.0238,3351543,False,False
202039,2020-09-25,202,AL,,27,state,85937,2564.10256,184,2046,6,0.0238,3351543,False,False
202039,2020-09-24,201,AL,,27,state,85753,2558.61256,194,2040,6,0.0238,3351543,False,False
202039,2020-09-23,200,AL,,27,state,85559,2552.82418,551,2034,5,0.0238,3351543,False,False
202039,2020-09-22,199,AL,,27,state,85008,2536.38399,288,2029,5,0.0239,3351543,False,False
202039,2020-09-21,198,AL,,27,state,84720,2527.79093,212,2024,5,0.0239,3351543,False,False
202039,2020-09-20,197,AL,,27,state,84508,2521.46549,558,2019,5,0.0239,3351543,False,False
202038,2020-09-19,196,AL,,27,state,83950,2504.81644,652,2014,6,0.024,3351543,False,False
202038,2020-09-18,195,AL,,27,state,83298,2485.36271,263,2008,6,0.0241,3351543,False,False
202038,2020-09-17,194,AL,,27,state,83035,2477.51558,52,2002,6,0.0241,3351543,False,False
202038,2020-09-16,193,AL,,27,state,82983,2475.96406,388,1996,5,0.0241,3351543,False,False
202038,2020-09-15,192,AL,,27,state,82595,2464.3873,263,1991,6,0.0241,3351543,False,False
202038,2020-09-14,191,AL,,27,state,82332,2456.54017,102,1985,6,0.0241,3351543,False,False
202038,2020-09-13,190,AL,,27,state,82230,2453.49679,202,1979,7,0.0241,3351543,False,False
202037,2020-09-12,189,AL,,27,state,82028,2447.46972,588,1972,7,0.024,3351543,False,False
202037,2020-09-11,188,AL,,27,state,81440,2429.92556,210,1965,8,0.0241,3351543,False,False
202037,2020-09-10,187,AL,,27,state,81230,2423.65979,188,1957,8,0.0241,3351543,False,False
202037,2020-09-09,186,AL,,27,state,81042,2418.05043,176,1949,6,0.024,3351543,False,False
202037,2020-09-08,185,AL,,27,state,80866,2412.79912,80,1943,7,0.024,3351543,False,False
202037,2020-09-07,184,AL,,27,state,80786,2410.41216,69,1936,6,0.024,3351543,False,False
202037,2020-09-06,183,AL,,27,state,80717,2408.35341,255,1930,6,0.0239,3351543,False,False
202036,2020-09-05,182,AL,,27,state,80462,2400.74497,359,1924,7,0.0239,3351543,False,False
202036,2020-09-04,181,AL,,27,state,80103,2390.03349,306,1917,7,0.0239,3351543,False,False
202036,2020-09-03,180,AL,,27,state,79797,2380.90336,247,1910,8,0.0239,3351543,False,False
202036,2020-09-02,179,AL,,27,state,79550,2373.53362,292,1902,7,0.0239,3351543,False,False
202036,2020-09-01,178,AL,,27,state,79258,2364.82122,454,1895,8,0.0239,3351543,False,False
202036,2020-08-31,177,AL,,27,state,78804,2351.27522,167,1887,9,0.0239,3351543,False,False
202036,2020-08-30,176,AL,,27,state,78637,2346.29244,154,1878,8,0.0239,3351543,False,False
202035,2020-08-29,175,AL,,27,state,78483,2341.69754,309,1870,9,0.0238,3351543,False,False
202035,2020-08-28,174,AL,,27,state,78174,2332.47791,419,1861,8,0.0238,3351543,False,False
202035,2020-08-27,173,AL,,27,state,77755,2319.9762,438,1853,9,0.0238,3351543,False,False
202035,2020-08-26,172,AL,,27,state,77317,2306.90759,423,1844,8,0.0238,3351543,False,False
202035,2020-08-25,171,AL,,27,state,76894,2294.28654,399,1836,9,0.0239,3351543,False,False
202035,2020-08-24,170,AL,,27,state,76495,2282.38158,638,1827,9,0.0239,3351543,False,False
202035,2020-08-23,169,AL,,27,state,75857,2263.34557,387,1818,8,0.024,3351543,False,False
202034,2020-08-22,168,AL,,27,state,75470,2251.79865,631,1810,8,0.024,3351543,False,False
202034,2020-08-21,167,AL,,27,state,74839,2232.9715,217,1802,9,0.0241,3351543,False,False
202034,2020-08-20,166,AL,,27,state,74622,2226.49687,482,1793,9,0.024,3351543,False,False
202034,2020-08-19,165,AL,,27,state,74140,2212.11543,439,1784,10,0.0241,3351543,False,False
202034,2020-08-18,164,AL,,27,state,73701,2199.01699,763,1774,11,0.0241,3351543,False,False
202034,2020-08-17,163,AL,,27,state,72938,2176.25136,204,1763,10,0.0242,3351543,False,False
202034,2020-08-16,162,AL,,27,state,72734,2170.16461,658,1753,11,0.0241,3351543,False,False
202033,2020-08-15,161,AL,,27,state,72076,2150.53186,844,1742,10,0.0242,3351543,False,False
202033,2020-08-14,160,AL,,27,state,71232,2125.34943,603,1732,11,0.0243,3351543,False,False
202033,2020-08-13,159,AL,,27,state,70629,2107.35772,878,1721,10,0.0244,3351543,False,False
202033,2020-08-12,158,AL,,27,state,69751,2081.16083,816,1711,11,0.0245,3351543,False,False
202033,2020-08-11,157,AL,,27,state,68935,2056.81383,698,1700,12,0.0247,3351543,False,False
202033,2020-08-10,156,AL,,27,state,68237,2035.9876,624,1688,11,0.0247,3351543,False,False
202033,2020-08-09,155,AL,,27,state,67613,2017.36931,865,1677,12,0.0248,3351543,False,False
202032,2020-08-08,154,AL,,27,state,66748,1991.56031,832,1665,11,0.0249,3351543,False,False
202032,2020-08-07,153,AL,,27,state,65916,1966.73592,823,1654,11,0.0251,3351543,False,False
202032,2020-08-06,152,AL,,27,state,65093,1942.18006,899,1643,10,0.0252,3351543,False,False
202032,2020-08-05,151,AL,,27,state,64194,1915.3566,843,1633,12,0.0254,3351543,False,False
202032,2020-08-04,150,AL,,27,state,63351,1890.204,573,1621,14,0.0256,3351543,False,False
202032,2020-08-03,149,AL,,27,state,62778,1873.1074,538,1607,13,0.0256,3351543,False,False
202032,2020-08-02,148,AL,,27,state,62240,1857.05509,1248,1594,13,0.0256,3351543,False,False
202031,2020-08-01,147,AL,,27,state,60992,1819.81851,1267,1581,14,0.0259,3351543,False,False
202031,2020-07-31,146,AL,,27,state,59725,1782.01503,746,1567,13,0.0262,3351543,False,False
202031,2020-07-30,145,AL,,27,state,58979,1759.75663,855,1554,14,0.0263,3351543,False,False
202031,2020-07-29,144,AL,,27,state,58124,1734.24599,982,1540,13,0.0265,3351543,False,False
202031,2020-07-28,143,AL,,27,state,57142,1704.94605,938,1527,13,0.0267,3351543,False,False
202031,2020-07-27,142,AL,,27,state,56204,1676.95894,828,1514,14,0.0269,3351543,False,False
202031,2020-07-26,141,AL,,27,state,55376,1652.2539,646,1500,14,0.0271,3351543,False,False
202030,2020-07-25,140,AL,,27,state,54730,1632.9792,1017,1486,15,0.0272,3351543,False,False
202030,2020-07-24,139,AL,,27,state,53713,1602.63497,1184,1471,14,0.0274,3351543,False,False
202030,2020-07-23,138,AL,,27,state,52529,1567.30795,849,1457,14,0.0277,3351543,False,False
202030,2020-07-22,137,AL,,27,state,51680,1541.97634,729,1443,15,0.0279,3351543,False,False
202030,2020-07-21,136,AL,,27,state,50951,1520.22516,644,1428,15,0.028,3351543,False,False
202030,2020-07-20,135,AL,,27,state,50307,1501.01013,228,1413,16,0.0281,3351543,False,False
202030,2020-07-19,134,AL,,27,state,50079,1494.20729,496,1397,16,0.0279,3351543,False,False
202029,2020-07-18,133,AL,,27,state,49583,1479.40814,330,1381,16,0.0279,3351543,False,False
202029,2020-07-17,132,AL,,27,state,49253,1469.56193,519,1365,17,0.0277,3351543,False,False
202029,2020-07-16,131,AL,,27,state,48734,1454.07653,870,1348,17,0.0277,3351543,False,False
202029,2020-07-15,130,AL,,27,state,47864,1428.11833,859,1331,17,0.0278,3351543,False,False
202029,2020-07-14,129,AL,,27,state,47005,1402.48835,709,1314,17,0.028,3351543,False,False
202029,2020-07-13,128,AL,,27,state,46296,1381.33391,966,1297,16,0.028,3351543,False,False
202029,2020-07-12,127,AL,,27,state,45330,1352.51137,697,1281,17,0.0283,3351543,False,False
202028,2020-07-11,126,AL,,27,state,44633,1331.71497,674,1264,18,0.0283,3351543,False,False
202028,2020-07-10,125,AL,,27,state,43959,1311.60483,768,1246,16,0.0283,3351543,False,False
202028,2020-07-09,124,AL,,27,state,43191,1288.69002,869,1230,17,0.0285,3351543,False,False
202028,2020-07-08,123,AL,,27,state,42322,1262.76166,798,1213,21,0.0287,3351543,False,False
202028,2020-07-07,122,AL,,27,state,41524,1238.95173,955,1192,20,0.0287,3351543,False,False
202028,2020-07-06,121,AL,,27,state,40569,1210.45739,634,1172,19,0.0289,3351543,False,False
202028,2020-07-05,120,AL,,27,state,39935,1191.54073,680,1153,19,0.0289,3351543,False,False
202027,2020-07-04,119,AL,,27,state,39255,1171.25157,851,1134,21,0.0289,3351543,False,False
202027,2020-07-03,118,AL,,27,state,38404,1145.86028,1076,1113,22,0.029,3351543,False,False
202027,2020-07-02,117,AL,,27,state,37328,1113.75566,509,1091,19,0.0292,3351543,False,False
202027,2020-07-01,116,AL,,27,state,36819,1098.56863,857,1072,20,0.0291,3351543,False,False
202027,2020-06-30,115,AL,,27,state,35962,1072.99832,846,1052,20,0.0293,3351543,False,False
202027,2020-06-29,114,AL,,27,state,35116,1047.75621,804,1032,20,0.0294,3351543,False,False
202027,2020-06-28,113,AL,,27,state,34312,1023.76726,791,1012,19,0.0295,3351543,False,False
202026,2020-06-27,112,AL,,27,state,33521,1000.16619,657,993,18,0.0296,3351543,False,False
202026,2020-06-26,111,AL,,27,state,32864,980.56328,799,975,17,0.0297,3351543,False,False
202026,2020-06-25,110,AL,,27,state,32065,956.72352,835,958,20,0.0299,3351543,False,False
202026,2020-06-24,109,AL,,27,state,31230,931.80962,984,938,18,0.03,3351543,False,False
202026,2020-06-23,108,AL,,27,state,30246,902.45001,851,920,17,0.0304,3351543,False,False
202026,2020-06-22,107,AL,,27,state,29395,877.05872,738,903,19,0.0307,3351543,False,False
202026,2020-06-21,106,AL,,27,state,28657,855.03901,959,884,18,0.0308,3351543,False,False
202025,2020-06-20,105,AL,,27,state,27698,826.42532,792,866,18,0.0313,3351543,False,False
202025,2020-06-19,104,AL,,27,state,26906,802.79441,1273,848,17,0.0315,3351543,False,False
202025,2020-06-18,103,AL,,27,state,25633,764.81191,766,831,20,0.0324,3351543,False,False
202025,2020-06-17,102,AL,,27,state,24867,741.95676,1235,811,18,0.0326,3351543,False,False
202025,2020-06-16,101,AL,,27,state,23632,705.10807,706,793,25,0.0336,3351543,False,False
202025,2020-06-15,100,AL,,27,state,22926,684.04314,727,768,24,0.0335,3351543,False,False
202025,2020-06-14,99,AL,,27,state,22199,662.35164,1312,744,21,0.0335,3351543,False,False
202024,2020-06-13,98,AL,,27,state,20887,623.20549,856,723,22,0.0346,3351543,False,False
202024,2020-06-12,97,AL,,27,state,20031,597.66502,831,701,20,0.035,3351543,False,False
202024,2020-06-11,96,AL,,27,state,19200,572.87047,1024,681,21,0.0355,3351543,False,False
202024,2020-06-10,95,AL,,27,state,18176,542.31737,983,660,20,0.0363,3351543,False,False
202024,2020-06-09,94,AL,,27,state,17193,512.9876,854,640,18,0.0372,3351543,False,False
202024,2020-06-08,93,AL,,27,state,16339,487.5068,633,622,21,0.0381,3351543,False,False
202024,2020-06-07,92,AL,,27,state,15706,468.61998,888,601,19,0.0383,3351543,False,False
202023,2020-06-06,91,AL,,27,state,14818,442.12472,879,582,25,0.0393,3351543,False,False
202023,2020-06-05,90,AL,,27,state,13939,415.89799,843,557,26,0.04,3351543,False,False
202023,2020-06-04,89,AL,,27,state,13096,390.7454,689,531,25,0.0405,3351543,False,False
202023,2020-06-03,88,AL,,27,state,12407,370.1877,848,506,24,0.0408,3351543,False,False
202023,2020-06-02,87,AL,,27,state,11559,344.88592,722,482,21,0.0417,3351543,False,False
202023,2020-06-01,86,AL,,27,state,10837,323.34361,549,461,18,0.0425,3351543,False,False
202023,2020-05-31,85,AL,,27,state,10288,306.96309,1065,443,19,0.0431,3351543,False,False
202022,2020-05-30,84,AL,,27,state,9223,275.18668,604,424,18,0.046,3351543,False,False
202022,2020-05-29,83,AL,,27,state,8619,257.16513,563,406,21,0.0471,3351543,False,False
202022,2020-05-28,82,AL,,27,state,8056,240.3669,476,385,17,0.0478,3351543,False,False
202022,2020-05-27,81,AL,,27,state,7580,226.16449,522,368,16,0.0485,3351543,False,False
202022,2020-05-26,80,AL,,27,state,7058,210.58957,376,352,15,0.0499,3351543,False,False
202022,2020-05-25,79,AL,,27,state,6682,199.37086,468,337,21,0.0504,3351543,False,False
202022,2020-05-24,78,AL,,27,state,6214,185.40714,584,316,15,0.0509,3351543,False,False
202021,2020-05-23,77,AL,,27,state,5630,167.98233,328,301,21,0.0535,3351543,False,False
202021,2020-05-22,76,AL,,27,state,5302,158.19579,386,280,18,0.0528,3351543,False,False
202021,2020-05-21,75,AL,,27,state,4916,146.67871,479,262,11,0.0533,3351543,False,False
202021,2020-05-20,74,AL,,27,state,4437,132.38678,118,251,17,0.0566,3351543,False,False
202021,2020-05-19,73,AL,,27,state,4319,128.86602,288,234,13,0.0542,3351543,False,False
202021,2020-05-18,72,AL,,27,state,4031,120.27296,215,221,11,0.0548,3351543,False,False
202021,2020-05-17,71,AL,,27,state,3816,113.85801,223,210,11,0.055,3351543,False,False
202020,2020-05-16,70,AL,,27,state,3593,107.20435,381,199,12,0.0554,3351543,False,False
202020,2020-05-15,69,AL,,27,state,3212,95.83646,240,187,10,0.0582,3351543,False,False
202020,2020-05-14,68,AL,,27,state,2972,88.67557,211,177,13,0.0596,3351543,False,False
202020,2020-05-13,67,AL,,27,state,2761,82.37997,181,164,14,0.0594,3351543,False,False
202020,2020-05-12,66,AL,,27,state,2580,76.97947,237,150,12,0.0581,3351543,False,False
202020,2020-05-11,65,AL,,27,state,2343,69.9081,85,138,12,0.0589,3351543,False,False
202020,2020-05-10,64,AL,,27,state,2258,67.37195,88,126,12,0.0558,3351543,False,False
202019,2020-05-09,63,AL,,27,state,2170,64.7463,137,114,6,0.0525,3351543,False,False
202019,2020-05-08,62,AL,,27,state,2033,60.65863,166,108,10,0.0531,3351543,False,False
202019,2020-05-07,61,AL,,27,state,1867,55.70569,164,98,9,0.0525,3351543,False,False
202019,2020-05-06,60,AL,,27,state,1703,50.81242,98,89,9,0.0523,3351543,False,False
202019,2020-05-05,59,AL,,27,state,1605,47.88839,67,80,8,0.0498,3351543,False,False
202019,2020-05-04,58,AL,,27,state,1538,45.88931,97,72,8,0.0468,3351543,False,False
202019,2020-05-03,57,AL,,27,state,1441,42.99512,70,64,6,0.0444,3351543,False,False
202018,2020-05-02,56,AL,,27,state,1371,40.90653,145,58,5,0.0423,3351543,False,False
202018,2020-05-01,55,AL,,27,state,1226,36.58017,181,53,6,0.0432,3351543,False,False
202018,2020-04-30,54,AL,,27,state,1045,31.17967,88,47,6,0.045,3351543,False,False
202018,2020-04-29,53,AL,,27,state,957,28.55401,180,41,5,0.0428,3351543,False,False
202018,2020-04-28,52,AL,,27,state,777,23.18335,134,36,2,0.0463,3351543,False,False
202018,2020-04-27,51,AL,,27,state,643,19.18519,83,34,2,0.0529,3351543,False,False
202018,2020-04-26,50,AL,,27,state,560,16.70872,59,32,3,0.0571,3351543,False,False
202017,2020-04-25,49,AL,,27,state,501,14.94834,88,29,2,0.0579,3351543,False,False
202017,2020-04-24,48,AL,,27,state,413,12.32268,89,27,5,0.0654,3351543,False,False
202017,2020-04-23,47,AL,,27,state,324,9.66719,81,22,2,0.0679,3351543,False,False
202017,2020-04-22,46,AL,,27,state,243,7.25039,33,20,1,0.0823,3351543,False,False
202017,2020-04-21,45,AL,,27,state,210,6.26577,39,19,1,0.0905,3351543,False,False
202017,2020-04-20,44,AL,,27,state,171,5.10213,12,18,3,0.1053,3351543,False,False
202017,2020-04-19,43,AL,,27,state,159,4.74408,27,15,5,0.0943,3351543,False,False
202016,2020-04-18,42,AL,,27,state,132,3.93848,22,10,3,0.0758,3351543,False,False
202016,2020-04-17,41,AL,,27,state,110,3.28207,21,7,2,0.0636,3351543,False,False
202016,2020-04-16,40,AL,,27,state,89,2.65549,6,5,0,0.0562,3351543,False,False
202016,2020-04-15,39,AL,,27,state,83,2.47647,11,5,1,0.0602,3351543,False,False
202016,2020-04-14,38,AL,,27,state,72,2.14826,14,4,0,0.0556,3351543,False,False
202016,2020-04-13,37,AL,,27,state,58,1.73055,10,4,1,0.069,3351543,False,False
202016,2020-04-12,36,AL,,27,state,48,1.43218,0,3,0,0.0625,3351543,False,False
202015,2020-04-11,35,AL,,27,state,48,1.43218,3,3,0,0.0625,3351543,False,False
202015,2020-04-10,34,AL,,27,state,45,1.34267,8,3,0,0.0667,3351543,False,False
202015,2020-04-09,33,AL,,27,state,37,1.10397,0,3,0,0.0811,3351543,False,False
202015,2020-04-08,32,AL,,27,state,37,1.10397,3,3,1,0.0811,3351543,False,False
202015,2020-04-07,31,AL,,27,state,34,1.01446,3,2,0,0.0588,3351543,False,False
202015,2020-04-06,30,AL,,27,state,31,0.92495,3,2,0,0.0645,3351543,False,False
202015,2020-04-05,29,AL,,27,state,28,0.83544,5,2,0,0.0714,3351543,False,False
202014,2020-04-04,28,AL,,27,state,23,0.68625,0,2,0,0.087,3351543,False,False
202014,2020-04-03,27,AL,,27,state,23,0.68625,5,2,1,0.087,3351543,False,False
202014,2020-04-02,26,AL,,27,state,18,0.53707,0,1,0,0.0556,3351543,False,False
202014,2020-04-01,25,AL,,27,state,18,0.53707,0,1,0,0.0556,3351543,False,False
202014,2020-03-31,24,AL,,27,state,18,0.53707,1,1,1,0.0556,3351543,False,False
202014,2020-03-30,23,AL,,27,state,17,0.50723,0,0,0,0.0,3351543,False,False
202014,2020-03-29,22,AL,,27,state,17,0.50723,3,0,0,0.0,3351543,False,False
202013,2020-03-28,21,AL,,27,state,14,0.41772,2,0,0,0.0,3351543,False,False
202013,2020-03-27,20,AL,,27,state,12,0.35804,1,0,0,0.0,3351543,False,False
202013,2020-03-26,19,AL,,27,state,11,0.32821,0,0,0,0.0,3351543,False,False
202013,2020-03-25,18,AL,,27,state,11,0.32821,1,0,0,0.0,3351543,False,False
202013,2020-03-24,17,AL,,27,state,10,0.29837,2,0,0,0.0,3351543,False,False
202013,2020-03-23,16,AL,,27,state,8,0.2387,1,0,0,0.0,3351543,False,False
202013,2020-03-22,15,AL,,27,state,7,0.20886,0,0,0,0.0,3351543,False,False
202012,2020-03-21,14,AL,,27,state,7,0.20886,1,0,0,0.0,3351543,False,False
202012,2020-03-20,13,AL,,27,state,6,0.17902,2,0,0,0.0,3351543,False,False
202012,2020-03-19,12,AL,,27,state,4,0.11935,3,0,0,0.0,3351543,False,False
202012,2020-03-18,11,AL,,27,state,1,0.02984,0,0,0,0.0,3351543,False,False
202012,2020-03-17,10,AL,,27,state,1,0.02984,0,0,0,0.0,3351543,False,False
202012,2020-03-16,9,AL,,27,state,1,0.02984,0,0,0,0.0,3351543,False,False
202011,2020-03-13,6,AL,,27,state,1,0.02984,0,0,0,0.0,3351543,False,False
202011,2020-03-12,5,AL,,27,state,1,0.02984,0,0,0,0.0,3351543,False,False
202011,2020-03-10,3,AL,,27,state,1,0.02984,0,0,0,0.0,3351543,False,False
202011,2020-03-09,2,AL,,27,state,1,0.02984,0,0,0,0.0,3351543,False,False
202011,2020-03-08,1,AL,,27,state,1,0.02984,1,0,0,0.0,3351543,False,False
